{
  "scale": "small",
  "benchmarks": {
    "benchmarks.core.attributes": {
      "vertex_attrs_bulk": {
        "metrics": {
          "wall_time_s": 0.004042101998493308,
          "rss_before_mb": 83.11328125,
          "rss_after_mb": 86.11328125,
          "rss_delta_mb": 3.0
        },
        "rows": 1000,
        "rows_per_sec": 247396.03314630594
      },
      "edge_attrs_bulk": {
        "metrics": {
          "wall_time_s": 0.010058891999506159,
          "rss_before_mb": 86.23828125,
          "rss_after_mb": 89.23828125,
          "rss_delta_mb": 3.0
        },
        "rows": 5000,
        "rows_per_sec": 497072.6398340369
      },
      "edge_slice_attrs_bulk": {
        "metrics": {
          "wall_time_s": 0.0034478400011721533,
          "rss_before_mb": 89.73828125,
          "rss_after_mb": 90.86328125,
          "rss_delta_mb": 1.125
        },
        "rows": 5000,
        "rows_per_sec": 1450183.3026765056
      },
      "bulk_reads": {
        "vertices": {
          "wall_time_s": 0.0005854640003235545,
          "rss_before_mb": 90.86328125,
          "rss_after_mb": 91.11328125,
          "rss_delta_mb": 0.25
        },
        "edges": {
          "wall_time_s": 0.003323852000903571,
          "rss_before_mb": 91.11328125,
          "rss_after_mb": 91.61328125,
          "rss_delta_mb": 0.5
        }
      }
    },
    "benchmarks.core.edge_entities": {
      "base_vertices": {
        "count": 1000,
        "wall_time_s": 0.002556195999204647,
        "rss_delta_mb": 0.0
      },
      "base_edges": {
        "count": 5000,
        "wall_time_s": 0.02088581600037287,
        "rss_delta_mb": 1.25
      },
      "node_to_edge_create": {
        "count": 5000,
        "wall_time_s": 0.03943049900044571,
        "rss_delta_mb": 10.17578125
      },
      "edge_to_edge_create": {
        "count": 4999,
        "wall_time_s": 0.06061859199689934,
        "rss_delta_mb": 3.77734375
      },
      "edge_entity_attr_update": {
        "count": 4999,
        "wall_time_s": 0.008301964000565931,
        "rss_delta_mb": 1.875
      },
      "final_counts": {
        "vertices": 6000,
        "edges_total": 14999,
        "edge_entities": 9999
      }
    },
    "benchmarks.core.expressiveness": {
      "vertices": {
        "wall_time_s": 0.0026725370007625315,
        "rss_before_mb": 109.06640625,
        "rss_after_mb": 109.19140625,
        "rss_delta_mb": 0.125
      },
      "edges": {
        "wall_time_s": 0.021465303001605207,
        "rss_before_mb": 109.19140625,
        "rss_after_mb": 109.19140625,
        "rss_delta_mb": 0.0
      },
      "hyperedges": {
        "wall_time_s": 0.00160408100055065,
        "rss_before_mb": 109.19140625,
        "rss_after_mb": 109.19140625,
        "rss_delta_mb": 0.0
      },
      "total_vertices": 1000,
      "total_edges": 5200
    },
    "benchmarks.core.history_cache": {
      "error": "aspects must be a non-empty list",
      "skipped": true
    },
    "benchmarks.core.layers": {
      "error": "'AnnNet' object has no attribute 'add_presence'",
      "skipped": true
    },
    "benchmarks.core.slices": {
      "vertex_presence": {
        "metrics": {
          "wall_time_s": 0.011423522999393754,
          "rss_before_mb": 114.06640625,
          "rss_after_mb": 115.31640625,
          "rss_delta_mb": 1.25
        },
        "vertex_counts": {
          "s0": 333,
          "s1": 333,
          "s2": 333
        }
      },
      "edge_presence": {
        "metrics": {
          "wall_time_s": 0.021952356000838336,
          "rss_before_mb": 115.31640625,
          "rss_after_mb": 116.44140625,
          "rss_delta_mb": 1.125
        },
        "edge_counts": {
          "s0": 1666,
          "s1": 1666,
          "s2": 1666
        }
      },
      "propagation": {
        "shared": {
          "wall_time_s": 0.005298490999848582,
          "rss_before_mb": 116.44140625,
          "rss_after_mb": 116.56640625,
          "rss_delta_mb": 0.125
        },
        "all": {
          "wall_time_s": 0.0037343820004025474,
          "rss_before_mb": 116.56640625,
          "rss_after_mb": 116.69140625,
          "rss_delta_mb": 0.125
        },
        "shared_presence": {
          "s0": 50,
          "s1": 0,
          "s2": 0
        },
        "all_presence": {
          "s0": 50,
          "s1": 0,
          "s2": 0
        }
      },
      "slice_attributes": {
        "metrics": {
          "wall_time_s": 0.0020635750006476883,
          "rss_before_mb": 116.69140625,
          "rss_after_mb": 117.56640625,
          "rss_delta_mb": 0.875
        },
        "values": {
          "s0": "s0",
          "s1": "s1",
          "s2": "s2"
        }
      },
      "slice_ops": {
        "union": {
          "wall_time_s": 0.000796642001660075,
          "rss_before_mb": 118.56640625,
          "rss_after_mb": 119.06640625,
          "rss_delta_mb": 0.5
        },
        "intersection": {
          "wall_time_s": 0.0001278019990422763,
          "rss_before_mb": 119.06640625,
          "rss_after_mb": 119.06640625,
          "rss_delta_mb": 0.0
        },
        "difference": {
          "wall_time_s": 0.00011479699969640933,
          "rss_before_mb": 119.06640625,
          "rss_after_mb": 119.06640625,
          "rss_delta_mb": 0.0
        },
        "union_vertices": 1099,
        "intersection_vertices": 0,
        "difference_vertices": 433
      },
      "derived_slice": {
        "metrics": {
          "wall_time_s": 0.00011595999967539683,
          "rss_before_mb": 119.06640625,
          "rss_after_mb": 119.06640625,
          "rss_delta_mb": 0.0
        },
        "vertex_count": 112
      },
      "aggregated_slice": {
        "metrics": {
          "wall_time_s": 0.0007345260019064881,
          "rss_before_mb": 119.06640625,
          "rss_after_mb": 119.56640625,
          "rss_delta_mb": 0.5
        },
        "vertex_count": 1099
      },
      "edge_scope": {
        "conserved": {
          "metrics": {
            "wall_time_s": 0.0014547389982908498,
            "rss_before_mb": 119.56640625,
            "rss_after_mb": 119.56640625,
            "rss_delta_mb": 0.0
          },
          "count": 4998
        },
        "slice_local": {
          "s0": 0,
          "s1": 0,
          "s2": 0
        }
      },
      "presence_queries": {
        "vertex": [
          "s0",
          "union_slice",
          "diff_slice",
          "derived_even",
          "aggregated"
        ],
        "edge": [
          "s0",
          "union_slice",
          "diff_slice",
          "aggregated"
        ]
      }
    },
    "benchmarks.core.views_algorithms": {
      "edges_view": {
        "wall_time_s": 0.004776156001753407,
        "rss_before_mb": 124.19140625,
        "rss_after_mb": 124.81640625,
        "rss_delta_mb": 0.625
      },
      "vertices_view": {
        "wall_time_s": 1.7737002053763717e-05,
        "rss_before_mb": 124.81640625,
        "rss_after_mb": 124.81640625,
        "rss_delta_mb": 0.0
      },
      "view_create": {
        "wall_time_s": 7.328999345190823e-06,
        "rss_before_mb": 124.81640625,
        "rss_after_mb": 124.81640625,
        "rss_delta_mb": 0.0
      },
      "edges_df": {
        "wall_time_s": 0.004186654998193262,
        "rss_before_mb": 124.81640625,
        "rss_after_mb": 124.94140625,
        "rss_delta_mb": 0.125
      },
      "vertices_df": {
        "wall_time_s": 0.000698501000442775,
        "rss_before_mb": 124.94140625,
        "rss_after_mb": 126.06640625,
        "rss_delta_mb": 1.125
      },
      "materialize": {
        "wall_time_s": 0.018469932001607958,
        "rss_before_mb": 126.06640625,
        "rss_after_mb": 127.19140625,
        "rss_delta_mb": 1.125
      },
      "has_vertex": {
        "metrics": {
          "wall_time_s": 9.363299977849238e-05,
          "rss_before_mb": 127.19140625,
          "rss_after_mb": 127.19140625,
          "rss_delta_mb": 0.0
        },
        "n": 1000,