{
  "scale": "medium",
  "benchmarks": {
    "benchmarks.core.attributes": {
      "vertex_attrs_bulk": {
        "metrics": {
          "wall_time_s": 0.017143172008218244,
          "rss_before_mb": 134.78125,
          "rss_after_mb": 140.15625,
          "rss_delta_mb": 5.375
        },
        "rows": 10000,
        "rows_per_sec": 583322.6193615809
      },
      "edge_attrs_bulk": {
        "metrics": {
          "wall_time_s": 0.13763610299793072,
          "rss_before_mb": 145.15625,
          "rss_after_mb": 165.37890625,
          "rss_delta_mb": 20.22265625
        },
        "rows": 50000,
        "rows_per_sec": 363276.77775613655
      },
      "edge_slice_attrs_bulk": {
        "metrics": {
          "wall_time_s": 0.03197245899355039,
          "rss_before_mb": 176.50390625,
          "rss_after_mb": 186.546875,
          "rss_delta_mb": 10.04296875
        },
        "rows": 50000,
        "rows_per_sec": 1563845.9340924073
      },
      "bulk_reads": {
        "vertices": {
          "wall_time_s": 0.004770009021740407,
          "rss_before_mb": 186.546875,
          "rss_after_mb": 187.171875,
          "rss_delta_mb": 0.625
        },
        "edges": {
          "wall_time_s": 0.031771644979016855,
          "rss_before_mb": 187.171875,
          "rss_after_mb": 201.796875,
          "rss_delta_mb": 14.625
        }
      }
    },
    "benchmarks.core.edge_entities": {
      "error": "('e', ('_',))",
      "skipped": true
    },
    "benchmarks.core.expressiveness": {
      "vertices": {
        "wall_time_s": 0.020384192990604788,
        "rss_before_mb": 263.9375,
        "rss_after_mb": 263.9375,
        "rss_delta_mb": 0.0
      },
      "edges": {
        "wall_time_s": 0.3588984310044907,
        "rss_before_mb": 263.9375,
        "rss_after_mb": 175.8125,
        "rss_delta_mb": -88.125
      },
      "hyperedges": {
        "wall_time_s": 0.028796561004128307,
        "rss_before_mb": 175.8125,
        "rss_after_mb": 175.9375,
        "rss_delta_mb": 0.125
      },
      "total_vertices": 10000,
      "total_edges": 54000
    },
    "benchmarks.core.history_cache": {
      "copy": {
        "wall_time_s": 0.1270064989803359,
        "rss_before_mb": 187.0625,
        "rss_after_mb": 194.9375,
        "rss_delta_mb": 7.875
      },
      "copy_with_history": {
        "wall_time_s": 0.13162737598759122,
        "rss_before_mb": 194.9375,
        "rss_after_mb": 214.3125,
        "rss_delta_mb": 19.375
      },
      "subgraph_vertices": {
        "wall_time_s": 0.21553045700420626,
        "rss_before_mb": 214.3125,
        "rss_after_mb": 234.24609375,
        "rss_delta_mb": 19.93359375
      },
      "subgraph_edges": {
        "wall_time_s": 0.29630659901886247,
        "rss_before_mb": 234.24609375,
        "rss_after_mb": 270.83203125,
        "rss_delta_mb": 36.5859375
      },
      "extract_subgraph": {
        "wall_time_s": 0.10230398300336674,
        "rss_before_mb": 270.83203125,
        "rss_after_mb": 276.08203125,
        "rss_delta_mb": 5.25
      },
      "reverse": {
        "wall_time_s": 0.13046127301640809,
        "rss_before_mb": 276.08203125,
        "rss_after_mb": 288.83203125,
        "rss_delta_mb": 12.75
      },
      "subgraph_from_slice": {
        "wall_time_s": 0.21946010901592672,
        "rss_before_mb": 288.83203125,
        "rss_after_mb": 310.84375,
        "rss_delta_mb": 22.01171875
      },
      "hash": {
        "wall_time_s": 0.05897445400478318,
        "rss_before_mb": 310.84375,
        "rss_after_mb": 311.375,
        "rss_delta_mb": 0.53125
      },
      "memory_usage": {
        "wall_time_s": 0.00156812000204809,
        "rss_before_mb": 311.375,
        "rss_after_mb": 311.375,
        "rss_delta_mb": 0.0
      },
      "vertex_incidence_sparse": {
        "wall_time_s": 0.0026853430026676506,
        "rss_before_mb": 311.375,
        "rss_after_mb": 311.625,
        "rss_delta_mb": 0.25
      },
      "vertex_incidence_dense": {
        "skipped": "matrix too large (750,000,000 entries > 500,000,000 limit)"
      },
      "vertex_incidence_lists": {
        "wall_time_s": 0.13859204400796443,
        "rss_before_mb": 311.625,
        "rss_after_mb": 311.75,
        "rss_delta_mb": 0.125
      },
      "snapshot": {
        "wall_time_s": 0.012219249998452142,
        "rss_before_mb": 311.75,
        "rss_after_mb": 316.25,
        "rss_delta_mb": 4.5
      },
      "diff": {
        "metrics": {
          "wall_time_s": 0.002137125004082918,
          "rss_before_mb": 316.25,
          "rss_after_mb": 316.25,
          "rss_delta_mb": 0.0
        },
        "added_vertices": 500,
        "removed_vertices": 0,
        "added_edges": 0,
        "removed_edges": 0
      },
      "remove_edges_bulk": {
        "metrics": {
          "wall_time_s": 0.04475469602039084,
          "rss_before_mb": 316.25,
          "rss_after_mb": 325.375,
          "rss_delta_mb": 9.125
        },
        "count": 5400
      },
      "remove_orphans": {
        "wall_time_s": 0.021793174993945286,
        "rss_before_mb": 325.375,
        "rss_after_mb": 326.25,
        "rss_delta_mb": 0.875
      },
      "remove_vertices_bulk": {
        "metrics": {
          "wall_time_s": 2.2250169422477484e-06,
          "rss_before_mb": 326.25,
          "rss_after_mb": 326.25,
          "rss_delta_mb": 0.0
        },
        "count": 0
      },
      "total_vertices": 0,
      "total_edges": 48600,
      "subgraph_v_vertices": 5000,
      "subgraph_v_edges": 12474,
      "subgraph_e_vertices": 9986,
      "subgraph_e_edges": 25000,
      "memory_bytes": 12088890,
      "graph_hash": 6524966803663948882
    },
    "benchmarks.core.layers": {
      "error": "layer= must be specified for multilayer graphs with aspects ('aspect_0', 'aspect_1'). Pass a dict {aspect: value}, a tuple of values, or a bare string (single-aspect).",
      "skipped": true
    },
    "benchmarks.core.slices": {
      "vertex_presence": {
        "metrics": {
          "wall_time_s": 0.03002224100055173,
          "rss_before_mb": 326.25,
          "rss_after_mb": 326.25,
          "rss_delta_mb": 0.0
        },
        "vertex_counts": {
          "s0": 2000,
          "s1": 2000,
          "s2": 2000,
          "s3": 2000,
          "s4": 2000
        }
      },
      "edge_presence": {
        "metrics": {
          "wall_time_s": 0.40204766401438974,
          "rss_before_mb": 326.25,
          "rss_after_mb": 258.7265625,
          "rss_delta_mb": -67.5234375
        },
        "edge_counts": {
          "s0": 10000,
          "s1": 10000,
          "s2": 10000,
          "s3": 10000,
          "s4": 10000
        }
      },
      "propagation": {
        "shared": {
          "wall_time_s": 0.004648237983928993,
          "rss_before_mb": 258.7265625,
          "rss_after_mb": 258.7265625,
          "rss_delta_mb": 0.0
        },
        "all": {
          "wall_time_s": 0.0024529430083930492,
          "rss_before_mb": 258.7265625,
          "rss_after_mb": 258.7265625,
          "rss_delta_mb": 0.0
        },
        "shared_presence": {
          "s0": 50,
          "s1": 0,
          "s2": 0,
          "s3": 0,
          "s4": 0
        },
        "all_presence": {
          "s0": 50,
          "s1": 0,
          "s2": 0,
          "s3": 0,
          "s4": 0
        }
      },
      "slice_attributes": {
        "metrics": {
          "wall_time_s": 0.0022847609943710268,
          "rss_before_mb": 258.7265625,
          "rss_after_mb": 259.1015625,
          "rss_delta_mb": 0.375
        },
        "values": {
          "s0": "s0",
          "s1": "s1",
          "s2": "s2",
          "s3": "s3",
          "s4": "s4"
        }
      },
      "slice_ops": {
        "union": {
          "wall_time_s": 0.0027287949924357235,
          "rss_before_mb": 259.3515625,
          "rss_after_mb": 259.3515625,
          "rss_delta_mb": 0.0
        },